0,0,0.0000000000,1.5000000000,1.587e+00,5.169e+00,5.444e+00,7.327e+00,7.728e+00,8.403e+00,8.535e+00,9.541e+00,1.065e+01,1.130e+01,1.213e+01
0,102,0.0000009460,1.3930849132,1.549e+00,4.993e+00,6.706e+00,7.141e+00,8.248e+00,8.624e+00,9.574e+00,9.913e+00,1.125e+01,1.280e+01,1.311e+01
0,203,0.0000000000,1.1036925009,1.480e+00,4.568e+00,6.978e+00,7.309e+00,7.856e+00,8.552e+00,9.756e+00,1.147e+01,1.253e+01,1.375e+01,1.418e+01
0,304,0.0000000004,1.0951598831,1.940e+00,4.359e+00,6.355e+00,6.688e+00,7.352e+00,8.165e+00,9.701e+00,1.148e+01,1.296e+01,1.344e+01,1.690e+01
0,405,0.0000000021,1.0639193163,1.741e+00,3.889e+00,5.450e+00,6.506e+00,7.266e+00,8.780e+00,9.536e+00,1.146e+01,1.236e+01,1.359e+01,1.573e+01
0,506,0.0000000000,0.9546820582,1.585e+00,3.593e+00,4.823e+00,6.515e+00,7.318e+00,8.553e+00,9.856e+00,1.146e+01,1.167e+01,1.385e+01,1.492e+01
0,607,0.0000000004,0.8547976063,1.642e+00,3.187e+00,4.273e+00,6.242e+00,6.467e+00,7.697e+00,8.881e+00,9.938e+00,1.094e+01,1.348e+01,1.428e+01
0,708,0.0000054698,0.7656579633,1.870e+00,2.736e+00,3.619e+00,4.959e+00,5.800e+00,6.517e+00,7.652e+00,8.453e+00,1.095e+01,1.173e+01,1.425e+01
0,809,0.0000000000,0.6870019080,1.976e+00,2.316e+00,3.020e+00,4.400e+00,4.609e+00,5.589e+00,6.539e+00,7.372e+00,8.876e+00,9.826e+00,1.249e+01
0,910,0.0000000001,0.6328286824,1.844e+00,1.823e+00,2.512e+00,3.556e+00,3.673e+00,4.679e+00,5.287e+00,6.089e+00,7.447e+00,8.598e+00,1.006e+01
0,1011,0.0000013860,0.6663355455,1.837e+00,1.559e+00,2.133e+00,2.864e+00,3.065e+00,3.928e+00,4.583e+00,5.119e+00,6.215e+00,7.129e+00,8.376e+00
0,1112,0.0000000049,0.5780772872,1.935e+00,1.314e+00,1.843e+00,2.300e+00,2.488e+00,3.206e+00,3.795e+00,4.089e+00,5.179e+00,5.870e+00,7.191e+00
0,1213,0.0000000035,0.5024026612,1.926e+00,1.035e+00,1.447e+00,1.877e+00,2.028e+00,2.443e+00,2.867e+00,3.302e+00,4.275e+00,4.806e+00,5.838e+00
0,1314,0.0000000001,0.5031212140,1.831e+00,7.820e-01,1.153e+00,1.513e+00,1.550e+00,1.873e+00,2.148e+00,2.783e+00,3.221e+00,3.782e+00,4.370e+00
0,1415,0.0000089433,0.5914162780,1.623e+00,6.424e-01,8.927e-01,1.139e+00,1.193e+00,1.458e+00,1.625e+00,2.353e+00,2.887e+00,3.083e+00,3.379e+00
0,1516,0.0000000000,0.5162203656,1.665e+00,5.113e-01,7.301e-01,8.554e-01,9.910e-01,1.163e+00,1.383e+00,1.937e+00,2.228e+00,2.396e+00,2.709e+00
0,1617,0.0000000004,0.4846233464,1.646e+00,3.985e-01,5.892e-01,6.777e-01,7.866e-01,9.102e-01,1.064e+00,1.530e+00,1.694e+00,1.854e+00,2.071e+00
0,1718,0.0000000003,0.5110353210,1.579e+00,3.002e-01,4.588e-01,5.375e-01,6.290e-01,7.669e-01,8.432e-01,1.143e+00,1.295e+00,1.555e+00,1.605e+00
0,1819,0.0000000026,0.4981993508,1.895e+00,2.358e-01,3.502e-01,3.989e-01,4.903e-01,5.774e-01,6.638e-01,8.601e-01,9.833e-01,1.260e+00,1.454e+00
0,1920,0.0000000000,0.5296446309,1.953e+00,1.814e-01,2.769e-01,3.139e-01,3.793e-01,4.431e-01,5.070e-01,6.449e-01,7.500e-01,9.800e-01,1.148e+00
0,2021,0.0000000012,0.4614131314,1.879e+00,1.408e-01,2.166e-01,2.395e-01,3.067e-01,3.464e-01,4.008e-01,4.718e-01,5.872e-01,8.246e-01,8.995e-01
0,2122,0.0000001155,0.4845320541,1.951e+00,1.080e-01,1.641e-01,1.774e-01,2.316e-01,2.841e-01,3.039e-01,3.587e-01,4.468e-01,6.494e-01,7.283e-01
0,2223,0.0000000009,0.5001240604,2.040e+00,8.272e-02,1.223e-01,1.377e-01,1.794e-01,2.206e-01,2.636e-01,2.770e-01,3.548e-01,4.937e-01,5.928e-01
0,2324,0.0000000002,0.5201129603,1.979e+00,6.261e-02,9.426e-02,1.036e-01,1.380e-01,1.672e-01,2.143e-01,2.253e-01,3.058e-01,3.870e-01,4.664e-01
0,2425,0.0000576215,0.5371350546,2.177e+00,4.795e-02,7.164e-02,8.221e-02,1.096e-01,1.345e-01,1.706e-01,1.836e-01,2.490e-01,2.877e-01,4.053e-01
0,2526,0.0000000039,0.5142488545,2.142e+00,3.620e-02,5.737e-02,6.167e-02,9.035e-02,1.003e-01,1.398e-01,1.408e-01,1.945e-01,2.232e-01,3.098e-01
0,2627,0.0000000000,0.5774386793,2.129e+00,2.811e-02,4.496e-02,4.852e-02,6.838e-02,8.205e-02,1.053e-01,1.228e-01,1.550e-01,1.738e-01,2.445e-01
0,2728,0.0000000003,0.5749973818,2.003e+00,2.312e-02,3.547e-02,3.822e-02,5.127e-02,6.356e-02,8.382e-02,9.890e-02,1.225e-01,1.593e-01,1.958e-01
0,2829,0.0000012583,0.5689814879,1.874e+00,1.854e-02,2.826e-02,2.994e-02,4.105e-02,5.331e-02,6.584e-02,8.418e-02,9.822e-02,1.355e-01,1.532e-01
0,2930,0.0000000010,0.5341819020,1.968e+00,1.470e-02,2.254e-02,2.368e-02,3.129e-02,4.129e-02,5.220e-02,6.443e-02,7.805e-02,1.120e-01,1.306e-01
0,3031,0.0000306632,0.4906329235,2.185e+00,1.181e-02,1.690e-02,1.807e-02,2.383e-02,3.186e-02,3.970e-02,4.854e-02,6.309e-02,8.286e-02,1.127e-01
0,3132,0.0000000000,0.4156749188,2.253e+00,8.710e-03,1.249e-02,1.411e-02,1.845e-02,2.447e-02,3.036e-02,3.602e-02,4.789e-02,6.046e-02,8.720e-02
0,3233,0.0000011631,0.3842599685,2.321e+00,6.482e-03,9.514e-03,1.047e-02,1.394e-02,1.906e-02,2.317e-02,2.690e-02,3.528e-02,4.497e-02,6.796e-02
0,3334,0.0000000000,0.3206866830,2.304e+00,4.890e-03,6.900e-03,7.912e-03,1.032e-02,1.421e-02,1.677e-02,2.007e-02,2.632e-02,3.376e-02,5.019e-02
0,3435,0.0000000086,0.3572789502,2.438e+00,3.608e-03,5.175e-03,5.820e-03,7.668e-03,1.048e-02,1.260e-02,1.491e-02,1.934e-02,2.441e-02,4.064e-02
0,3536,0.0000000001,0.3973481969,2.473e+00,2.721e-03,3.922e-03,4.182e-03,5.618e-03,7.680e-03,9.404e-03,1.110e-02,1.473e-02,2.002e-02,3.357e-02
0,3637,0.0000000000,0.4196773819,2.493e+00,2.063e-03,3.072e-03,3.279e-03,4.237e-03,5.614e-03,7.069e-03,8.186e-03,1.065e-02,1.566e-02,2.605e-02
0,3738,0.0000000009,0.3999461651,2.508e+00,1.508e-03,2.394e-03,2.577e-03,3.288e-03,4.159e-03,5.209e-03,6.314e-03,8.083e-03,1.211e-02,2.034e-02
0,3839,0.0000000000,0.4262563568,2.314e+00,1.133e-03,1.756e-03,1.985e-03,2.458e-03,3.026e-03,3.790e-03,4.699e-03,6.045e-03,1.112e-02,1.514e-02
0,3940,0.0003136981,0.5305276040,2.151e+00,8.351e-04,1.298e-03,1.474e-03,1.933e-03,2.375e-03,2.766e-03,3.582e-03,4.532e-03,9.775e-03,1.156e-02
0,4041,0.0000021224,0.5814976540,2.391e+00,6.709e-04,9.875e-04,1.162e-03,1.547e-03,1.773e-03,2.064e-03,2.906e-03,3.535e-03,7.633e-03,1.090e-02
0,4142,0.0000009401,0.5912627099,2.432e+00,5.212e-04,8.125e-04,9.032e-04,1.210e-03,1.356e-03,1.533e-03,2.314e-03,2.744e-03,5.957e-03,8.820e-03
0,4243,0.0000001418,0.5443690138,2.438e+00,4.426e-04,6.350e-04,6.968e-04,1.019e-03,1.132e-03,1.247e-03,1.846e-03,2.145e-03,4.458e-03,6.651e-03
0,4344,0.0039626152,0.6125171703,2.422e+00,3.327e-04,4.821e-04,5.414e-04,7.941e-04,8.527e-04,9.598e-04,1.455e-03,1.600e-03,3.785e-03,5.515e-03
0,4445,0.0017759834,0.6176286934,2.441e+00,2.721e-04,3.694e-04,4.217e-04,6.364e-04,6.835e-04,7.490e-04,1.204e-03,1.259e-03,2.989e-03,4.446e-03
0,4546,0.0000986945,0.5123263468,2.527e+00,2.108e-04,3.106e-04,3.166e-04,4.868e-04,5.156e-04,5.723e-04,9.407e-04,9.652e-04,2.313e-03,3.753e-03
0,4647,0.0071545437,0.4246979240,2.570e+00,1.609e-04,2.364e-04,2.460e-04,3.729e-04,3.834e-04,4.502e-04,7.125e-04,7.407e-04,1.730e-03,2.951e-03
0,4748,0.0163665941,0.5103003615,2.577e+00,1.176e-04,1.787e-04,1.861e-04,2.707e-04,2.916e-04,3.348e-04,5.334e-04,5.903e-04,1.345e-03,2.322e-03
0,4849,0.0081528154,0.4727598651,2.677e+00,9.493e-05,1.325e-04,1.477e-04,1.968e-04,2.167e-04,2.556e-04,4.049e-04,4.580e-04,1.018e-03,2.016e-03
0,4950,0.0696180205,0.5329812999,2.754e+00,7.068e-05,9.903e-05,1.241e-04,1.439e-04,1.733e-04,1.928e-04,2.965e-04,3.400e-04,7.496e-04,1.687e-03
0,5051,0.0278600038,0.5329178204,2.831e+00,5.522e-05,7.654e-05,9.989e-05,1.124e-04,1.342e-04,1.428e-04,2.286e-04,2.585e-04,5.531e-04,1.489e-03
0,5152,0.0858912563,0.5974972582,2.881e+00,4.429e-05,5.761e-05,7.637e-05,8.972e-05,1.009e-04,1.164e-04,1.779e-04,1.923e-04,4.014e-04,1.269e-03
0,5253,0.0574832655,0.6616339024,2.906e+00,3.458e-05,4.418e-05,5.955e-05,7.428e-05,7.917e-05,9.860e-05,1.369e-04,1.481e-04,3.009e-04,1.060e-03
0,5354,0.1539207567,0.7010517846,2.902e+00,2.671e-05,3.580e-05,4.765e-05,5.729e-05,6.276e-05,9.244e-05,1.087e-04,1.311e-04,2.458e-04,8.626e-04
0,5455,0.2195109284,0.6496368186,2.899e+00,2.140e-05,2.699e-05,3.599e-05,4.558e-05,5.328e-05,7.723e-05,9.596e-05,1.196e-04,1.929e-04,6.924e-04
0,5556,0.3126966486,0.7683551844,2.875e+00,1.716e-05,2.021e-05,2.906e-05,3.532e-05,4.033e-05,6.373e-05,7.421e-05,1.041e-04,1.751e-04,5.708e-04
0,5657,0.5848933956,0.9120540245,2.854e+00,1.416e-05,1.659e-05,2.492e-05,2.904e-05,3.282e-05,5.488e-05,5.841e-05,1.065e-04,1.542e-04,4.874e-04
0,5758,0.3125864420,0.9601092692,2.815e+00,1.184e-05,1.450e-05,1.928e-05,2.471e-05,3.133e-05,5.132e-05,5.250e-05,9.793e-05,1.474e-04,4.173e-04
0,5859,0.5831993658,1.0915688598,2.675e+00,1.005e-05,1.275e-05,1.742e-05,1.921e-05,2.761e-05,4.479e-05,4.980e-05,8.377e-05,1.706e-04,3.504e-04
0,5960,0.3512228127,1.0501058800,2.669e+00,9.088e-06,1.127e-05,1.572e-05,1.826e-05,2.873e-05,4.428e-05,4.925e-05,7.628e-05,1.601e-04,3.255e-04
0,6061,0.8036020854,1.1439034530,2.563e+00,8.052e-06,1.025e-05,1.309e-05,1.818e-05,2.691e-05,4.200e-05,4.857e-05,7.731e-05,1.509e-04,2.692e-04
0,6162,0.8042429419,0.9798373500,2.618e+00,6.652e-06,9.082e-06,1.213e-05,1.548e-05,2.604e-05,4.199e-05,4.825e-05,7.189e-05,1.346e-04,2.609e-04
0,6263,1.1014423449,1.1308166762,2.704e+00,5.666e-06,8.014e-06,1.036e-05,1.331e-05,2.321e-05,3.711e-05,4.233e-05,6.838e-05,1.157e-04,2.604e-04
0,6364,2.4241004804,0.9613891299,2.744e+00,4.946e-06,7.528e-06,9.159e-06,1.168e-05,2.356e-05,3.339e-05,4.052e-05,7.105e-05,1.070e-04,2.668e-04
0,6465,1.1246369004,0.8505988921,2.695e+00,4.247e-06,6.776e-06,8.441e-06,1.097e-05,2.059e-05,2.670e-05,3.796e-05,6.702e-05,1.047e-04,2.377e-04
0,6566,2.7622057756,0.8101459616,2.663e+00,3.444e-06,5.463e-06,7.090e-06,9.980e-06,1.699e-05,2.225e-05,3.124e-05,5.986e-05,9.313e-05,2.014e-04
0,6667,3.6621290790,0.8304115496,2.722e+00,2.835e-06,4.272e-06,5.978e-06,7.696e-06,1.460e-05,1.811e-05,2.488e-05,5.366e-05,7.398e-05,1.824e-04
0,6768,3.6976214498,0.8296834597,2.780e+00,2.132e-06,3.644e-06,4.979e-06,6.059e-06,1.206e-05,1.562e-05,2.197e-05,4.582e-05,6.383e-05,1.773e-04
0,6869,3.9250382731,0.7031612559,2.813e+00,1.649e-06,2.800e-06,4.044e-06,4.912e-06,9.821e-06,1.226e-05,1.902e-05,3.942e-05,5.182e-05,1.594e-04
0,6970,3.8188996897,0.6611092984,2.816e+00,1.264e-06,2.166e-06,3.222e-06,3.948e-06,7.572e-06,9.449e-06,1.488e-05,3.064e-05,4.264e-05,1.300e-04
0,7071,4.8867178397,0.6940477051,2.861e+00,9.514e-07,1.624e-06,2.522e-06,3.194e-06,6.054e-06,7.543e-06,1.175e-05,2.500e-05,3.392e-05,1.200e-04
0,7172,4.9168236898,0.6559317094,2.897e+00,7.428e-07,1.253e-06,2.044e-06,2.428e-06,4.583e-06,5.637e-06,9.956e-06,2.032e-05,2.744e-05,1.129e-04
0,7273,5.5526030031,0.6778475709,2.941e+00,5.704e-07,9.445e-07,1.527e-06,1.929e-06,3.645e-06,4.300e-06,8.247e-06,1.669e-05,2.079e-05,1.158e-04
0,7374,5.6195351929,0.6411516327,2.946e+00,4.211e-07,7.096e-07,1.189e-06,1.499e-06,2.926e-06,3.298e-06,6.868e-06,1.325e-05,1.717e-05,9.938e-05
0,7475,6.5618189543,0.7882137114,2.963e+00,3.190e-07,5.629e-07,9.703e-07,1.182e-06,2.223e-06,2.458e-06,5.607e-06,1.036e-05,1.405e-05,9.608e-05
0,7576,6.2329197379,0.7952375963,2.970e+00,2.452e-07,4.427e-07,7.748e-07,9.259e-07,1.736e-06,1.929e-06,4.757e-06,8.546e-06,1.144e-05,8.741e-05
0,7677,6.9488815952,0.9560642498,2.975e+00,1.985e-07,3.582e-07,6.058e-07,8.284e-07,1.413e-06,1.514e-06,3.971e-06,6.715e-06,1.068e-05,8.622e-05
0,7778,6.9180678477,1.0419373158,2.982e+00,1.569e-07,3.071e-07,5.399e-07,7.190e-07,1.157e-06,1.504e-06,3.434e-06,5.699e-06,9.185e-06,8.513e-05
0,7879,6.8838798435,1.1732882925,2.978e+00,1.248e-07,2.520e-07,4.706e-07,6.579e-07,1.022e-06,1.420e-06,3.157e-06,4.822e-06,1.019e-05,8.252e-05
0,7980,6.1555128191,0.9999509719,2.980e+00,1.078e-07,2.233e-07,4.220e-07,5.887e-07,8.892e-07,1.619e-06,2.789e-06,4.375e-06,9.154e-06,7.824e-05
0,8081,7.1314858837,0.9671362640,2.975e+00,8.949e-08,1.926e-07,3.578e-07,5.317e-07,8.843e-07,1.329e-06,2.480e-06,3.634e-06,8.511e-06,6.432e-05
0,8182,6.9138523722,1.0222439635,2.971e+00,7.474e-08,1.603e-07,3.384e-07,4.364e-07,7.234e-07,1.254e-06,2.198e-06,3.078e-06,7.500e-06,5.287e-05
0,8283,6.9034323740,0.9246027574,2.964e+00,6.818e-08,1.405e-07,2.921e-07,3.719e-07,6.219e-07,1.095e-06,1.885e-06,2.947e-06,7.259e-06,4.566e-05
0,8384,7.2855705001,0.8040889117,2.955e+00,5.839e-08,1.198e-07,2.433e-07,2.966e-07,5.182e-07,9.204e-07,1.622e-06,2.445e-06,6.795e-06,3.796e-05
0,8485,7.8292657320,0.6905874020,2.953e+00,4.682e-08,9.442e-08,1.886e-07,2.463e-07,4.489e-07,7.298e-07,1.370e-06,1.875e-06,5.545e-06,3.052e-05
0,8586,7.5622725313,0.5787837420,2.955e+00,3.545e-08,7.355e-08,1.508e-07,1.935e-07,3.570e-07,5.658e-07,1.147e-06,1.472e-06,4.191e-06,2.357e-05
0,8687,8.0699314416,0.5178618186,2.954e+00,2.706e-08,5.501e-08,1.143e-07,1.406e-07,2.762e-07,4.527e-07,8.975e-07,1.170e-06,3.201e-06,1.783e-05
0,8788,8.3181510424,0.4664482383,2.950e+00,2.031e-08,4.110e-08,8.478e-08,1.042e-07,2.071e-07,3.582e-07,6.723e-07,8.569e-07,2.440e-06,1.295e-05
0,8889,8.5016638299,0.4223980249,2.947e+00,1.522e-08,3.131e-08,6.244e-08,7.742e-08,1.515e-07,2.797e-07,4.986e-07,6.272e-07,1.816e-06,9.393e-06
0,8990,8.5929493284,0.3658905973,2.947e+00,1.108e-08,2.310e-08,4.547e-08,5.544e-08,1.100e-07,2.155e-07,3.671e-07,4.498e-07,1.309e-06,6.795e-06
0,9091,8.7942903473,0.3335199409,2.947e+00,8.102e-09,1.645e-08,3.275e-08,3.965e-08,7.911e-08,1.727e-07,2.646e-07,3.221e-07,9.527e-07,4.907e-06
0,9192,8.8901648162,0.3745094488,2.946e+00,5.849e-09,1.167e-08,2.417e-08,2.834e-08,5.751e-08,1.420e-07,2.012e-07,2.382e-07,6.909e-07,3.549e-06
0,9293,8.8849969348,0.4307065671,2.940e+00,4.204e-09,8.391e-09,1.778e-08,2.087e-08,4.183e-08,1.236e-07,1.472e-07,1.816e-07,5.285e-07,2.583e-06
0,9394,8.8199192944,0.4615181516,2.933e+00,3.136e-09,6.171e-09,1.364e-08,1.559e-08,3.138e-08,1.049e-07,1.086e-07,1.352e-07,4.022e-07,1.856e-06
0,9495,8.9549989878,0.4818588057,2.928e+00,2.292e-09,4.670e-09,1.006e-08,1.168e-08,2.286e-08,7.788e-08,8.448e-08,1.067e-07,3.055e-07,1.368e-06
0,9596,8.9044082948,0.4535447355,2.923e+00,1.697e-09,3.578e-09,7.471e-09,8.601e-09,1.648e-08,5.830e-08,7.256e-08,8.081e-08,2.268e-07,9.840e-07
0,9697,9.0107796154,0.4268439800,2.917e+00,1.256e-09,2.676e-09,5.537e-09,6.223e-09,1.198e-08,4.225e-08,5.725e-08,6.408e-08,1.679e-07,7.096e-07
0,9798,9.0347674706,0.3921336578,2.915e+00,9.185e-10,1.947e-09,4.356e-09,4.478e-09,8.692e-09,3.076e-08,4.156e-08,4.979e-08,1.223e-07,5.131e-07
0,9899,9.0497630172,0.3428020758,2.918e+00,6.638e-10,1.401e-09,3.135e-09,3.308e-09,6.324e-09,2.218e-08,3.016e-08,3.715e-08,8.771e-08,3.768e-07
0,10000,9.1162807942,0.3331885968,2.924e+00,4.774e-10,9.959e-10,2.345e-09,2.411e-09,4.501e-09,1.634e-08,2.127e-08,2.770e-08,6.225e-08,2.776e-07
0,10101,9.1152808245,0.2886396350,2.925e+00,3.396e-10,7.067e-10,1.696e-09,1.750e-09,3.218e-09,1.181e-08,1.534e-08,2.021e-08,4.471e-08,2.011e-07
0,10202,9.1470986620,0.2558542988,2.926e+00,2.412e-10,4.994e-10,1.205e-09,1.239e-09,2.295e-09,8.427e-09,1.114e-08,1.448e-08,3.180e-08,1.442e-07
0,10303,9.1536473386,0.2652457669,2.930e+00,1.740e-10,3.531e-10,8.541e-10,8.902e-10,1.681e-09,6.006e-09,7.844e-09,1.086e-08,2.252e-08,1.060e-07
0,10404,9.1593173628,0.2445005383,2.938e+00,1.238e-10,2.516e-10,6.002e-10,6.288e-10,1.220e-09,4.228e-09,5.572e-09,7.769e-09,1.598e-08,7.950e-08
0,10505,9.1630588914,0.1982735713,2.938e+00,8.763e-11,1.823e-10,4.237e-10,4.430e-10,8.693e-10,2.974e-09,3.926e-09,5.545e-09,1.128e-08,5.648e-08
0,10606,9.1679279507,0.1632601736,2.939e+00,6.204e-11,1.279e-10,2.976e-10,3.174e-10,6.125e-10,2.090e-09,2.756e-09,3.953e-09,7.897e-09,3.975e-08
0,10707,9.1830119107,0.1620271077,2.945e+00,4.376e-11,8.948e-11,2.115e-10,2.219e-10,4.509e-10,1.473e-09,1.934e-09,2.772e-09,5.508e-09,2.931e-08
0,10808,9.1828668993,0.2039143544,2.948e+00,3.109e-11,6.350e-11,1.506e-10,1.566e-10,3.266e-10,1.045e-09,1.372e-09,1.971e-09,3.899e-09,2.128e-08
0,10909,9.1810231104,0.1814339083,2.946e+00,2.180e-11,4.467e-11,1.061e-10,1.111e-10,2.330e-10,7.361e-10,9.731e-10,1.389e-09,2.799e-09,1.494e-08
0,11010,9.1915864649,0.1473602009,2.947e+00,1.529e-11,3.131e-11,7.437e-11,7.790e-11,1.632e-10,5.149e-10,6.814e-10,9.782e-10,2.012e-09,1.081e-08
0,11111,9.1924195662,0.1551971319,2.945e+00,1.099e-11,2.202e-11,5.211e-11,5.480e-11,1.167e-10,3.596e-10,4.805e-10,6.831e-10,1.439e-09,7.597e-09
0,11212,9.1947514652,0.1672050270,2.933e+00,7.977e-12,1.547e-11,3.651e-11,3.931e-11,8.381e-11,2.514e-10,3.447e-10,4.782e-10,1.121e-09,5.303e-09
0,11313,9.1940573377,0.1593439201,2.932e+00,5.961e-12,1.089e-11,2.556e-11,2.786e-11,6.267e-11,1.760e-10,2.481e-10,3.380e-10,7.975e-10,3.724e-09
0,11414,9.1950823071,0.1337265334,2.931e+00,4.313e-12,7.626e-12,1.786e-11,1.980e-11,4.454e-11,1.227e-10,1.796e-10,2.393e-10,5.583e-10,2.597e-09
0,11515,9.1969135345,0.1127534676,2.930e+00,3.162e-12,5.324e-12,1.260e-11,1.395e-11,3.207e-11,8.653e-11,1.265e-10,1.682e-10,3.912e-10,1.809e-09
0,11616,9.1994307551,0.0952091498,2.930e+00,2.204e-12,3.767e-12,8.767e-12,9.777e-12,2.237e-11,6.084e-11,8.810e-11,1.192e-10,2.729e-10,1.266e-09
0,11717,9.1994526186,0.0945943224,2.931e+00,1.540e-12,2.763e-12,6.135e-12,6.812e-12,1.558e-11,4.597e-11,6.139e-11,8.360e-11,1.899e-10,8.831e-10
0,11818,9.1993858153,0.0825481767,2.930e+00,1.075e-12,1.951e-12,4.277e-12,4.760e-12,1.102e-11,3.311e-11,4.392e-11,5.901e-11,1.321e-10,6.147e-10
0,11919,9.1996650355,0.0782468393,2.931e+00,7.501e-13,1.359e-12,2.999e-12,3.313e-12,7.874e-12,2.384e-11,3.166e-11,4.111e-11,9.215e-11,4.322e-10
0,12020,9.2001830400,0.0591155232,2.931e+00,5.238e-13,9.541e-13,2.100e-12,2.308e-12,5.477e-12,1.679e-11,2.255e-11,2.870e-11,6.405e-11,3.012e-10
0,12121,9.2005979031,0.0588825448,2.930e+00,3.642e-13,6.715e-13,1.465e-12,1.604e-12,3.849e-12,1.214e-11,1.727e-11,1.999e-11,4.476e-11,2.101e-10
0,12222,9.2008302002,0.0614754444,2.927e+00,2.548e-13,4.699e-13,1.025e-12,1.123e-12,2.716e-12,8.438e-12,1.385e-11,1.433e-11,3.216e-11,1.487e-10
0,12323,9.2009811329,0.0576261032,2.925e+00,1.777e-13,3.282e-13,7.163e-13,7.937e-13,1.889e-12,5.911e-12,9.715e-12,1.112e-11,2.243e-11,1.036e-10
0,12424,9.2010170262,0.0555592321,2.922e+00,1.244e-13,2.294e-13,4.994e-13,5.543e-13,1.330e-12,4.115e-12,6.993e-12,8.239e-12,1.564e-11,7.199e-11
0,12525,9.2011658367,0.0509360586,2.922e+00,9.023e-14,1.594e-13,3.511e-13,3.871e-13,9.256e-13,2.890e-12,4.866e-12,5.900e-12,1.096e-11,5.060e-11
0,12626,9.2013549321,0.0401591741,2.924e+00,6.430e-14,1.121e-13,2.444e-13,2.691e-13,6.434e-13,2.025e-12,3.383e-12,4.220e-12,7.654e-12,3.572e-11
0,12727,9.2013931815,0.0338877858,2.924e+00,4.477e-14,7.981e-14,1.722e-13,1.871e-13,4.473e-13,1.422e-12,2.354e-12,2.939e-12,5.319e-12,2.494e-11
0,12828,9.2015044771,0.0319567612,2.923e+00,3.179e-14,5.559e-14,1.268e-13,1.318e-13,3.110e-13,9.884e-13,1.637e-12,2.048e-12,3.779e-12,1.747e-11
0,12929,9.2014776335,0.0331074510,2.921e+00,2.243e-14,3.863e-14,9.095e-14,1.043e-13,2.170e-13,6.983e-13,1.169e-12,1.425e-12,2.662e-12,1.214e-11
0,13030,9.2015139561,0.0294942059,2.916e+00,1.602e-14,2.700e-14,6.353e-14,7.384e-14,1.521e-13,4.855e-13,8.191e-13,9.907e-13,1.927e-12,8.441e-12
0,13131,9.2015444409,0.0258142272,2.908e+00,1.148e-14,1.877e-14,4.485e-14,5.368e-14,1.066e-13,3.424e-13,5.700e-13,6.889e-13,1.411e-12,5.873e-12
0,13232,9.2015439750,0.0241147621,2.899e+00,7.982e-15,1.324e-14,3.125e-14,3.935e-14,7.411e-14,2.379e-13,3.963e-13,4.811e-13,1.036e-12,4.086e-12
0,13333,9.2015474114,0.0220788539,2.899e+00,5.571e-15,9.220e-15,2.278e-14,2.811e-14,5.158e-14,1.664e-13,2.761e-13,3.376e-13,7.330e-13,2.876e-12
0,13434,9.2015649856,0.0186951219,2.902e+00,3.889e-15,6.409e-15,1.588e-14,2.015e-14,3.586e-14,1.192e-13,1.928e-13,2.387e-13,5.140e-13,2.049e-12
0,13535,9.2015783178,0.0207342966,2.902e+00,2.704e-15,4.463e-15,1.103e-14,1.429e-14,2.525e-14,8.633e-14,1.421e-13,1.764e-13,3.595e-13,1.450e-12
0,13636,9.2015771597,0.0191268782,2.897e+00,1.883e-15,3.101e-15,7.665e-15,9.940e-15,1.779e-14,6.078e-14,1.044e-13,1.330e-13,2.537e-13,1.011e-12
0,13737,9.2015875426,0.0190839762,2.892e+00,1.309e-15,2.155e-15,5.534e-15,7.000e-15,1.265e-14,4.239e-14,7.262e-14,1.032e-13,1.801e-13,7.120e-13
0,13838,9.2015826631,0.0217552316,2.893e+00,9.097e-16,1.501e-15,3.897e-15,5.344e-15,9.930e-15,2.963e-14,5.116e-14,7.476e-14,1.253e-13,5.001e-13
0,13939,9.2015899936,0.0180204277,2.892e+00,6.319e-16,1.043e-15,2.739e-15,3.769e-15,7.626e-15,2.059e-14,3.555e-14,5.338e-14,8.707e-14,3.478e-13
0,14040,9.2015982847,0.0164902681,2.894e+00,4.435e-16,7.291e-16,1.938e-15,2.619e-15,5.311e-15,1.433e-14,2.484e-14,3.739e-14,6.048e-14,2.440e-13
0,14141,9.2015963065,0.0151270926,2.890e+00,3.104e-16,5.123e-16,1.358e-15,1.827e-15,3.769e-15,1.002e-14,1.729e-14,2.794e-14,4.211e-14,1.695e-13
0,14242,9.2015981387,0.0116701596,2.888e+00,2.168e-16,3.559e-16,9.440e-16,1.270e-15,2.630e-15,6.990e-15,1.205e-14,2.031e-14,2.932e-14,1.185e-13
0,14343,9.2016007898,0.0106107605,2.877e+00,1.518e-16,2.492e-16,6.610e-16,8.818e-16,1.827e-15,4.857e-15,8.391e-15,1.475e-14,2.140e-14,8.239e-14
0,14444,9.2016019066,0.0085416812,2.868e+00,1.057e-16,1.734e-16,4.591e-16,6.126e-16,1.270e-15,3.382e-15,5.872e-15,1.031e-14,1.562e-14,5.742e-14
0,14545,9.2016036885,0.0086626767,2.863e+00,7.356e-17,1.221e-16,3.329e-16,4.255e-16,8.840e-16,2.443e-15,4.134e-15,7.169e-15,1.135e-14,4.041e-14
0,14646,9.2016040247,0.0071439916,2.856e+00,5.113e-17,8.592e-17,2.359e-16,2.956e-16,6.150e-16,1.710e-15,2.988e-15,4.984e-15,8.133e-15,2.808e-14
0,14747,9.2016046326,0.0060401580,2.851e+00,3.551e-17,6.019e-17,1.717e-16,2.065e-16,4.277e-16,1.188e-15,2.193e-15,3.463e-15,5.744e-15,1.950e-14
0,14848,9.2016047385,0.0055690021,2.846e+00,2.481e-17,4.221e-17,1.245e-16,1.438e-16,2.972e-16,8.571e-16,1.525e-15,2.444e-15,4.086e-15,1.362e-14
0,14949,9.2016052880,0.0050515464,2.843e+00,1.740e-17,2.941e-17,8.688e-17,9.999e-17,2.064e-16,6.323e-16,1.062e-15,1.756e-15,2.856e-15,9.478e-15
0,15050,9.2016057233,0.0050406447,2.840e+00,1.216e-17,2.043e-17,6.053e-17,7.142e-17,1.434e-16,5.159e-16,7.374e-16,1.244e-15,2.002e-15,6.585e-15
0,15151,9.2016054531,0.0050666438,2.826e+00,8.633e-18,1.438e-17,4.260e-17,5.070e-17,9.991e-17,3.912e-16,5.128e-16,8.642e-16,1.473e-15,4.582e-15
0,15252,9.2016057280,0.0049259197,2.825e+00,6.075e-18,1.015e-17,3.018e-17,3.560e-17,6.954e-17,3.021e-16,3.631e-16,6.090e-16,1.026e-15,3.198e-15
0,15353,9.2016057580,0.0047396272,2.836e+00,4.236e-18,7.079e-18,2.096e-17,2.494e-17,4.933e-17,2.260e-16,2.626e-16,4.300e-16,7.168e-16,2.319e-15
0,15454,9.2016058767,0.0046022565,2.831e+00,2.993e-18,4.918e-18,1.462e-17,1.746e-17,3.554e-17,1.689e-16,1.882e-16,3.182e-16,4.978e-16,1.617e-15
0,15555,9.2016058667,0.0040590628,2.827e+00,2.129e-18,3.416e-18,1.028e-17,1.236e-17,2.501e-17,1.197e-16,1.336e-16,2.414e-16,3.470e-16,1.140e-15
0,15656,9.2016059833,0.0032011016,2.824e+00,1.496e-18,2.376e-18,7.229e-18,8.600e-18,1.737e-17,8.465e-17,9.358e-17,1.692e-16,2.429e-16,7.925e-16
0,15757,9.2016059968,0.0027761754,2.824e+00,1.040e-18,1.690e-18,5.086e-18,6.077e-18,1.212e-17,5.941e-17,6.765e-17,1.175e-16,1.695e-16,5.528e-16
0,15858,9.2016060275,0.0024643249,2.818e+00,7.301e-19,1.177e-18,3.585e-18,4.240e-18,8.575e-18,4.144e-17,4.781e-17,8.167e-17,1.207e-16,3.840e-16
0,15959,9.2016060415,0.0020254622,2.805e+00,5.075e-19,8.224e-19,2.490e-18,2.950e-18,6.020e-18,2.882e-17,3.342e-17,5.695e-17,8.834e-17,2.675e-16
0,16060,9.2016060760,0.0017778778,2.801e+00,3.531e-19,5.728e-19,1.735e-18,2.084e-18,4.195e-18,2.013e-17,2.337e-17,3.962e-17,6.312e-17,1.880e-16
0,16161,9.2016060910,0.0014050252,2.800e+00,2.453e-19,3.992e-19,1.209e-18,1.463e-18,2.928e-18,1.400e-17,1.631e-17,2.760e-17,4.417e-17,1.309e-16
0,16262,9.2016060890,0.0014525513,2.794e+00,1.707e-19,2.791e-19,8.837e-19,1.022e-18,2.036e-18,9.726e-18,1.196e-17,1.952e-17,3.108e-17,9.106e-17
0,16363,9.2016061038,0.0012414865,2.790e+00,1.197e-19,1.943e-19,6.259e-19,7.206e-19,1.430e-18,6.793e-18,8.487e-18,1.380e-17,2.175e-17,6.326e-17
0,16464,9.2016061006,0.0010891482,2.783e+00,8.412e-20,1.370e-19,4.372e-19,5.195e-19,9.933e-19,4.722e-18,5.926e-18,9.606e-18,1.553e-17,4.417e-17
0,16565,9.2016061068,0.0009844874,2.769e+00,5.859e-20,9.547e-20,3.038e-19,3.641e-19,7.029e-19,3.285e-18,4.137e-18,6.673e-18,1.135e-17,3.083e-17
0,16666,9.2016061123,0.0008633188,2.748e+00,4.088e-20,6.641e-20,2.111e-19,2.542e-19,4.924e-19,2.289e-18,2.874e-18,4.646e-18,8.427e-18,2.157e-17
0,16767,9.2016061141,0.0008577808,2.736e+00,2.851e-20,4.633e-20,1.474e-19,1.781e-19,3.718e-19,1.591e-18,2.026e-18,3.276e-18,6.130e-18,1.519e-17
0,16868,9.2016061128,0.0008279396,2.726e+00,1.981e-20,3.221e-20,1.045e-19,1.265e-19,2.779e-19,1.105e-18,1.416e-18,2.275e-18,4.538e-18,1.089e-17
0,16969,9.2016061133,0.0007717977,2.730e+00,1.376e-20,2.303e-20,7.262e-20,9.096e-20,2.020e-19,7.694e-19,9.877e-19,1.592e-18,3.241e-18,7.810e-18
0,17070,9.2016061153,0.0007515183,2.731e+00,9.595e-21,1.622e-20,5.054e-20,6.324e-20,1.639e-19,5.345e-19,6.862e-19,1.120e-18,2.256e-18,5.439e-18
0,17171,9.2016061165,0.0006160179,2.727e+00,6.736e-21,1.129e-20,3.510e-20,4.417e-20,1.222e-19,3.713e-19,4.811e-19,7.891e-19,1.577e-18,3.782e-18
0,17272,9.2016061165,0.0005380382,2.727e+00,4.693e-21,8.013e-21,2.440e-20,3.088e-20,9.307e-20,2.603e-19,3.344e-19,5.481e-19,1.098e-18,2.627e-18
0,17373,9.2016061171,0.0005426621,2.720e+00,3.375e-21,5.660e-21,1.707e-20,2.148e-20,7.336e-20,1.829e-19,2.324e-19,3.825e-19,7.805e-19,1.835e-18
0,17474,9.2016061174,0.0005574986,2.724e+00,2.426e-21,4.118e-21,1.188e-20,1.496e-20,5.489e-20,1.302e-19,1.656e-19,2.659e-19,5.615e-19,1.322e-18
0,17575,9.2016061174,0.0005431456,2.748e+00,1.688e-21,2.934e-21,8.255e-21,1.094e-20,4.053e-20,9.101e-20,1.150e-19,1.850e-19,3.951e-19,9.725e-19
0,17676,9.2016061175,0.0004703660,2.755e+00,1.174e-21,2.089e-21,5.734e-21,7.617e-21,2.861e-20,6.538e-20,8.095e-20,1.300e-19,2.781e-19,6.951e-19
0,17777,9.2016061179,0.0004332506,2.760e+00,8.361e-22,1.486e-21,4.101e-21,5.291e-21,1.988e-20,4.614e-20,5.624e-20,9.100e-20,1.948e-19,4.916e-19
0,17878,9.2016061179,0.0004378650,2.764e+00,6.367e-22,1.050e-21,3.049e-21,3.689e-21,1.382e-20,3.215e-20,3.936e-20,6.408e-20,1.357e-19,3.460e-19
0,17979,9.2016061180,0.0004328925,2.772e+00,4.664e-22,7.655e-22,2.219e-21,2.630e-21,1.001e-20,2.241e-20,2.744e-20,4.452e-20,9.491e-20,2.458e-19
0,18080,9.2016061182,0.0003717801,2.782e+00,3.293e-22,5.480e-22,1.570e-21,1.904e-21,7.208e-21,1.563e-20,1.933e-20,3.096e-20,6.604e-20,1.751e-19
0,18181,9.2016061181,0.0004183589,2.817e+00,2.289e-22,4.180e-22,1.115e-21,1.401e-21,5.027e-21,1.100e-20,1.416e-20,2.187e-20,4.587e-20,1.332e-19
0,18282,9.2016061182,0.0004548757,2.815e+00,1.611e-22,3.105e-22,8.134e-22,1.028e-21,3.496e-21,7.846e-21,1.006e-20,1.545e-20,3.229e-20,9.331e-20
0,18383,9.2016061182,0.0004040932,2.815e+00,1.119e-22,2.167e-22,5.900e-22,7.669e-22,2.483e-21,5.525e-21,7.200e-21,1.083e-20,2.248e-20,6.509e-20
0,18484,9.2016061182,0.0003503865,2.817e+00,7.772e-23,1.530e-22,4.136e-22,5.591e-22,1.735e-21,3.865e-21,5.001e-21,7.525e-21,1.566e-20,4.557e-20
0,18585,9.2016061183,0.0003217537,2.820e+00,5.417e-23,1.087e-22,2.923e-22,4.046e-22,1.206e-21,2.721e-21,3.486e-21,5.234e-21,1.091e-20,3.200e-20
0,18686,9.2016061183,0.0003018424,2.829e+00,3.818e-23,7.628e-23,2.031e-22,2.849e-22,8.475e-22,1.970e-21,2.422e-21,3.636e-21,7.614e-21,2.285e-20
0,18787,9.2016061183,0.0002970229,2.831e+00,2.656e-23,5.354e-23,1.413e-22,2.011e-22,6.121e-22,1.420e-21,1.691e-21,2.561e-21,5.295e-21,1.603e-20
0,18888,9.2016061183,0.0002702401,2.836e+00,1.845e-23,3.853e-23,9.933e-23,1.433e-22,4.343e-22,9.867e-22,1.174e-21,1.805e-21,3.709e-21,1.141e-20
0,18989,9.2016061183,0.0002300793,2.838e+00,1.310e-23,2.757e-23,6.942e-23,1.014e-22,3.089e-22,6.855e-22,8.252e-22,1.255e-21,2.576e-21,7.965e-21
0,19090,9.2016061184,0.0002124898,2.842e+00,9.131e-24,1.928e-23,4.960e-23,7.047e-23,2.186e-22,4.773e-22,5.735e-22,8.729e-22,1.840e-21,5.732e-21
0,19191,9.2016061184,0.0002017305,2.843e+00,6.342e-24,1.425e-23,3.537e-23,4.896e-23,1.596e-22,3.330e-22,4.002e-22,6.080e-22,1.304e-21,4.062e-21
0,19292,9.2016061184,0.0001902300,2.846e+00,4.541e-24,1.044e-23,2.507e-23,3.401e-23,1.122e-22,2.370e-22,2.832e-22,4.224e-22,9.106e-22,2.868e-21
0,19393,9.2016061184,0.0002356615,2.845e+00,3.727e-24,7.420e-24,1.933e-23,2.425e-23,7.793e-23,1.660e-22,1.991e-22,2.941e-22,6.360e-22,1.992e-21
0,19494,9.2016061184,0.0002348455,2.843e+00,2.610e-24,5.595e-24,1.377e-23,1.711e-23,5.438e-23,1.160e-22,1.385e-22,2.043e-22,4.471e-22,1.388e-21
0,19595,9.2016061184,0.0002409442,2.836e+00,1.922e-24,4.011e-24,9.564e-24,1.188e-23,3.801e-23,8.227e-23,9.673e-23,1.447e-22,3.173e-22,9.651e-22
0,19696,9.2016061184,0.0002818004,2.815e+00,1.516e-24,2.823e-24,6.794e-24,8.316e-24,2.662e-23,5.733e-23,6.941e-23,1.011e-22,2.434e-22,6.893e-22
0,19797,9.2016061184,0.0003335160,2.814e+00,1.335e-24,1.984e-24,4.719e-24,5.866e-24,1.849e-23,3.988e-23,4.990e-23,7.207e-23,1.727e-22,4.874e-22
0,19898,9.2016061184,0.0002753770,2.812e+00,9.500e-25,1.406e-24,3.300e-24,4.208e-24,1.285e-23,2.793e-23,3.494e-23,5.104e-23,1.212e-22,3.406e-22
0,19999,9.2016061184,0.0002956808,2.812e+00,8.043e-25,9.960e-25,2.293e-24,2.942e-24,8.971e-24,1.952e-23,2.439e-23,3.546e-23,8.423e-23,2.366e-22
0,20100,9.2016061184,0.0002867487,2.815e+00,5.959e-25,7.304e-25,1.621e-24,2.048e-24,6.291e-24,1.362e-23,1.695e-23,2.553e-23,5.851e-23,1.663e-22
0,20201,9.2016061184,0.0002859995,2.816e+00,4.497e-25,5.235e-25,1.129e-24,1.484e-24,4.405e-24,9.474e-24,1.184e-23,1.775e-23,4.113e-23,1.170e-22
0,20302,9.2016061184,0.0002829831,2.820e+00,3.173e-25,3.636e-25,7.841e-25,1.099e-24,3.109e-24,6.581e-24,8.490e-24,1.237e-23,2.864e-23,8.248e-23
0,20403,9.2016061184,0.0004171210,2.823e+00,2.244e-25,2.553e-25,5.504e-25,7.969e-25,2.202e-24,4.619e-24,6.071e-24,8.698e-24,2.013e-23,5.841e-23
0,20504,9.2016061184,0.0004796876,2.823e+00,1.574e-25,1.777e-25,3.867e-25,6.115e-25,1.579e-24,3.216e-24,4.368e-24,6.042e-24,1.399e-23,4.063e-23
0,20605,9.2016061184,0.0006545031,2.824e+00,1.109e-25,1.248e-25,2.725e-25,4.512e-25,1.129e-24,2.261e-24,3.135e-24,4.241e-24,9.819e-24,2.854e-23
0,20706,9.2016061184,0.0007571499,2.827e+00,7.803e-26,9.056e-26,1.912e-25,3.217e-25,7.873e-25,1.631e-24,2.178e-24,2.953e-24,6.822e-24,2.005e-23
0,20807,9.2016061184,0.0009117091,2.826e+00,6.047e-26,6.340e-26,1.422e-25,2.358e-25,5.510e-25,1.160e-24,1.529e-24,2.066e-24,4.763e-24,1.395e-23
0,20908,9.2016061184,0.0008687646,2.835e+00,4.213e-26,4.441e-26,9.880e-26,1.638e-25,3.827e-25,8.109e-25,1.077e-24,1.444e-24,3.309e-24,9.953e-24
0,21009,9.2016061184,0.0008627482,2.833e+00,3.004e-26,3.134e-26,7.067e-26,1.159e-25,2.658e-25,5.815e-25,7.517e-25,1.003e-24,2.312e-24,6.917e-24
0,21110,9.2016061184,0.0008986578,2.843e+00,2.087e-26,2.201e-26,4.994e-26,8.063e-26,1.846e-25,4.042e-25,5.252e-25,7.262e-25,1.627e-24,5.034e-24
0,21211,9.2016061184,0.0008969731,2.858e+00,1.475e-26,1.529e-26,3.554e-26,5.720e-26,1.323e-25,2.807e-25,3.648e-25,5.227e-25,1.146e-24,3.725e-24
0,21312,9.2016061184,0.0020691602,2.866e+00,1.044e-26,1.073e-26,2.521e-26,4.057e-26,9.439e-26,1.971e-25,2.561e-25,3.737e-25,8.108e-25,2.714e-24
0,21413,9.2016061184,0.0023731010,2.865e+00,7.315e-27,7.456e-27,1.836e-26,2.838e-26,6.813e-26,1.372e-25,1.779e-25,2.627e-25,5.640e-25,1.887e-24
0,21514,9.2016061184,0.0023506646,2.869e+00,5.094e-27,5.519e-27,1.311e-26,1.976e-26,4.845e-26,9.761e-26,1.239e-25,1.828e-25,3.929e-25,1.331e-24
0,21615,9.2016061184,0.0033865439,2.871e+00,3.577e-27,3.998e-27,9.341e-27,1.389e-26,3.445e-26,6.951e-26,8.715e-26,1.284e-25,2.762e-25,9.425e-25
0,21716,9.2016061184,0.0039841151,2.871e+00,2.484e-27,3.543e-27,6.688e-27,9.708e-27,2.500e-26,4.926e-26,6.053e-26,9.165e-26,1.956e-25,6.668e-25
0,21817,9.2016061184,0.0040732937,2.872e+00,1.727e-27,2.653e-27,4.647e-27,7.171e-27,1.828e-26,3.423e-26,4.205e-26,6.366e-26,1.386e-25,4.732e-25
0,21918,9.2016061184,0.0041189913,2.869e+00,1.203e-27,1.880e-27,3.279e-27,5.042e-27,1.316e-26,2.385e-26,2.994e-26,4.422e-26,1.001e-25,3.363e-25
0,22019,9.2016061184,0.0047066676,2.888e+00,8.593e-28,1.320e-27,2.300e-27,3.766e-27,9.394e-27,1.684e-26,2.107e-26,3.151e-26,6.966e-26,2.531e-25
0,22120,9.2016061184,0.0050050305,2.889e+00,5.972e-28,9.233e-28,1.638e-27,2.845e-27,6.526e-27,1.172e-26,1.475e-26,2.317e-26,5.134e-26,1.870e-25
0,22221,9.2016061184,0.0052764296,2.906e+00,4.215e-28,6.502e-28,1.139e-27,2.101e-27,4.656e-27,8.145e-27,1.039e-26,1.685e-26,3.574e-26,1.424e-25
0,22322,9.2016061184,0.0069918702,2.915e+00,2.978e-28,4.591e-28,7.995e-28,1.514e-27,3.312e-27,5.718e-27,7.339e-27,1.211e-26,2.512e-26,1.054e-25
0,22423,9.2016061184,0.0110513085,2.920e+00,2.096e-28,3.232e-28,5.614e-28,1.077e-27,2.341e-27,4.014e-27,5.169e-27,8.619e-27,1.764e-26,7.634e-26
0,22524,9.2016061184,0.0185754813,2.923e+00,1.474e-28,2.272e-28,3.941e-28,7.612e-28,1.650e-27,2.818e-27,3.635e-27,6.098e-27,1.239e-26,5.460e-26
0,22625,9.2016061184,0.0187305500,2.928e+00,1.033e-28,1.579e-28,2.759e-28,5.322e-28,1.146e-27,2.010e-27,2.525e-27,4.311e-27,8.609e-27,3.945e-26
0,22726,9.2016061184,0.0189342670,2.931e+00,7.188e-29,1.100e-28,1.917e-28,3.978e-28,8.299e-28,1.419e-27,1.759e-27,3.073e-27,5.980e-27,2.802e-26
0,22827,9.2016061184,0.0180176549,2.936e+00,4.995e-29,7.810e-29,1.345e-28,2.920e-28,5.826e-28,9.984e-28,1.223e-27,2.224e-27,4.181e-27,2.036e-26
0,22928,9.2016061184,0.0196171920,2.936e+00,3.543e-29,5.427e-29,9.343e-29,2.071e-28,4.047e-28,7.253e-28,8.941e-28,1.750e-27,2.904e-27,1.450e-26
0,23029,9.2016061184,0.0266416233,2.935e+00,2.508e-29,3.811e-29,6.560e-29,1.466e-28,2.841e-28,5.152e-28,6.430e-28,1.323e-27,2.039e-27,1.034e-26
0,23130,9.2016061184,0.0262726732,2.935e+00,1.747e-29,2.651e-29,4.608e-29,1.019e-28,1.988e-28,3.624e-28,4.467e-28,9.965e-28,1.422e-27,7.322e-27
0,23231,9.2016061184,0.0351344355,2.934e+00,1.228e-29,1.862e-29,3.253e-29,7.152e-29,1.401e-28,2.560e-28,3.136e-28,7.313e-28,1.002e-27,5.201e-27
0,23332,9.2016061184,0.0518909169,2.934e+00,8.626e-30,1.308e-29,2.291e-29,5.022e-29,9.853e-29,1.804e-28,2.202e-28,5.266e-28,7.050e-28,3.679e-27
0,23433,9.2016061184,0.0615209698,2.932e+00,6.003e-30,9.208e-30,1.641e-29,3.602e-29,6.857e-29,1.287e-28,1.547e-28,3.662e-28,5.037e-28,2.568e-27
0,23534,9.2016061184,0.0711866382,2.927e+00,4.180e-30,7.122e-30,1.148e-29,2.602e-29,4.799e-29,9.041e-29,1.077e-28,2.550e-28,3.699e-28,1.796e-27
0,23635,9.2016061184,0.1060152711,2.924e+00,2.940e-30,5.253e-30,8.095e-30,1.869e-29,3.386e-29,6.396e-29,7.572e-29,1.794e-28,2.685e-28,1.267e-27
0,23736,9.2016061184,0.1110863374,2.922e+00,2.088e-30,3.666e-30,6.151e-30,1.306e-29,2.380e-29,4.465e-29,5.452e-29,1.254e-28,1.903e-28,8.858e-28
0,23837,9.2016061184,0.1237155613,2.923e+00,1.489e-30,2.662e-30,4.969e-30,9.137e-30,1.684e-29,3.118e-29,3.888e-29,8.788e-29,1.353e-28,6.292e-28
0,23938,9.2016061184,0.1535808748,2.923e+00,1.082e-30,1.885e-30,3.893e-30,7.076e-30,1.299e-29,2.188e-29,2.710e-29,6.136e-29,9.564e-29,4.436e-28
0,24039,9.2016061184,0.1506902433,2.917e+00,7.612e-31,1.357e-30,2.750e-30,5.161e-30,9.309e-30,1.583e-29,1.899e-29,4.425e-29,7.024e-29,3.117e-28
0,24140,9.2016061184,0.1537555710,2.913e+00,5.400e-31,9.537e-31,1.960e-30,3.729e-30,6.592e-30,1.113e-29,1.345e-29,3.250e-29,4.964e-29,2.178e-28
0,24241,9.2016061184,0.2224556431,2.911e+00,3.840e-31,6.747e-31,1.406e-30,2.701e-30,4.676e-30,7.895e-30,9.587e-30,2.363e-29,3.523e-29,1.539e-28
0,24342,9.2016061184,0.3063931366,2.910e+00,2.745e-31,4.792e-31,1.002e-30,1.928e-30,3.341e-30,5.650e-30,6.895e-30,1.728e-29,2.518e-29,1.100e-28
0,24443,9.2016061184,0.3197649364,2.908e+00,1.976e-31,3.528e-31,7.215e-31,1.375e-30,2.410e-30,4.031e-30,5.014e-30,1.247e-29,1.844e-29,7.926e-29
0,24544,9.2016061184,0.3947427930,2.910e+00,1.653e-31,2.545e-31,5.320e-31,1.017e-30,1.748e-30,2.871e-30,3.624e-30,9.106e-30,1.315e-29,5.762e-29
0,24645,9.2016061184,0.4464532217,2.916e+00,1.287e-31,1.951e-31,4.075e-31,7.373e-31,1.256e-30,2.053e-30,2.668e-30,6.606e-30,9.474e-30,4.295e-29
0,24746,9.2016061184,0.4103599234,2.913e+00,9.657e-32,1.482e-31,3.139e-31,5.494e-31,9.060e-31,1.501e-30,1.963e-30,4.869e-30,7.126e-30,3.155e-29
0,24847,9.2016061184,0.3952003753,2.912e+00,7.046e-32,1.077e-31,2.263e-31,4.040e-31,6.739e-31,1.101e-30,1.433e-30,3.744e-30,5.275e-30,2.349e-29
0,24948,9.2016061184,0.6229101769,2.914e+00,5.252e-32,7.961e-32,1.641e-31,2.932e-31,4.947e-31,7.918e-31,1.042e-30,2.788e-30,3.941e-30,1.774e-29
0,25049,9.2016061184,0.6487305993,2.911e+00,4.286e-32,6.893e-32,1.365e-31,2.236e-31,3.921e-31,6.085e-31,7.940e-31,2.129e-30,3.005e-30,1.334e-29
0,25150,9.2016061184,0.8243583973,2.909e+00,3.454e-32,5.910e-32,1.149e-31,1.774e-31,2.966e-31,4.835e-31,6.025e-31,1.608e-30,2.396e-30,1.032e-29
0,25251,9.2016061184,1.0389609807,2.915e+00,2.991e-32,5.313e-32,9.185e-32,1.531e-31,2.438e-31,4.014e-31,4.948e-31,1.341e-30,1.929e-30,8.676e-30
0,25352,9.2016061184,1.0679754316,2.903e+00,2.681e-32,5.122e-32,8.131e-32,1.313e-31,2.173e-31,3.803e-31,4.749e-31,1.122e-30,1.776e-30,7.302e-30
0,25453,9.2016061184,1.0602981432,2.930e+00,2.532e-32,4.311e-32,8.559e-32,1.059e-31,2.146e-31,3.440e-31,4.241e-31,9.330e-31,1.540e-30,7.293e-30
0,25554,9.2016061184,1.1201560761,2.938e+00,2.735e-32,3.633e-32,7.635e-32,9.559e-32,1.893e-31,3.411e-31,3.849e-31,8.316e-31,1.347e-30,6.805e-30
0,25655,9.2016061184,1.1588103953,2.907e+00,2.527e-32,3.194e-32,6.294e-32,9.571e-32,1.720e-31,2.972e-31,3.885e-31,9.200e-31,1.442e-30,6.071e-30
0,25756,9.2016061184,1.1640157612,2.890e+00,2.381e-32,3.001e-32,5.915e-32,9.213e-32,1.600e-31,2.761e-31,3.481e-31,1.011e-30,1.387e-30,5.604e-30
0,25857,9.2016061184,1.4003164219,2.836e+00,2.106e-32,3.004e-32,5.426e-32,8.961e-32,1.579e-31,2.764e-31,3.304e-31,1.098e-30,1.536e-30,5.086e-30
0,25958,9.2016061184,1.3215257923,2.864e+00,2.152e-32,3.539e-32,5.686e-32,8.684e-32,1.747e-31,2.645e-31,3.953e-31,1.043e-30,1.561e-30,5.561e-30
0,26059,9.2016061184,1.4889000151,2.911e+00,2.551e-32,3.319e-32,7.345e-32,8.814e-32,1.887e-31,2.677e-31,3.813e-31,1.228e-30,1.514e-30,7.070e-30
0,26160,9.2016061184,1.3983260624,2.945e+00,2.672e-32,3.226e-32,7.292e-32,1.037e-31,1.955e-31,3.064e-31,4.231e-31,1.162e-30,1.706e-30,9.474e-30
0,26261,9.2016061184,1.3745691331,2.947e+00,2.983e-32,3.469e-32,7.277e-32,1.183e-31,2.050e-31,3.037e-31,5.312e-31,1.369e-30,1.854e-30,1.079e-29
0,26362,9.2016061184,1.3451839403,2.959e+00,2.955e-32,3.765e-32,7.392e-32,1.204e-31,1.989e-31,3.177e-31,5.446e-31,1.385e-30,2.039e-30,1.317e-29
0,26463,9.2016061184,1.4239528586,2.968e+00,2.910e-32,4.199e-32,8.992e-32,1.113e-31,2.058e-31,3.959e-31,5.288e-31,1.653e-30,2.305e-30,1.719e-29
0,26564,9.2016061184,1.2561622527,2.975e+00,3.027e-32,4.057e-32,9.114e-32,1.293e-31,2.127e-31,4.233e-31,5.296e-31,1.702e-30,2.163e-30,1.862e-29
0,26665,9.2016061184,1.3114325961,2.984e+00,2.939e-32,4.311e-32,9.615e-32,1.264e-31,2.052e-31,4.796e-31,5.628e-31,1.584e-30,2.429e-30,2.501e-29
0,26766,9.2016061184,1.1918581213,2.989e+00,2.746e-32,4.086e-32,9.530e-32,1.275e-31,2.138e-31,5.646e-31,6.035e-31,1.395e-30,2.540e-30,3.038e-29
0,26867,9.2016061184,1.0668503927,2.996e+00,2.939e-32,4.160e-32,9.292e-32,1.126e-31,1.941e-31,5.315e-31,5.576e-31,1.281e-30,2.349e-30,4.289e-29
0,26968,9.2016061184,1.0667054272,2.995e+00,2.734e-32,3.554e-32,8.186e-32,1.073e-31,1.800e-31,4.603e-31,5.289e-31,1.352e-30,2.276e-30,3.988e-29
0,27069,9.2016061184,0.9271166384,2.996e+00,2.534e-32,3.490e-32,7.844e-32,9.577e-32,1.578e-31,4.011e-31,4.904e-31,1.188e-30,1.964e-30,3.759e-29
0,27170,9.2016061184,0.8287893921,2.995e+00,2.224e-32,3.147e-32,7.720e-32,8.224e-32,1.321e-31,3.618e-31,4.318e-31,9.970e-31,1.854e-30,3.337e-29
0,27271,9.2016061184,0.9542116095,2.996e+00,1.873e-32,2.703e-32,6.312e-32,7.478e-32,1.124e-31,3.061e-31,3.427e-31,8.532e-31,1.455e-30,2.956e-29
0,27372,9.2016061184,0.9105724439,2.997e+00,1.681e-32,2.562e-32,5.369e-32,7.010e-32,1.047e-31,2.560e-31,3.348e-31,7.873e-31,1.208e-30,2.717e-29
0,27473,9.2016061184,1.2159078568,2.997e+00,1.592e-32,2.615e-32,4.857e-32,6.339e-32,9.012e-32,2.108e-31,3.076e-31,6.445e-31,1.025e-30,2.268e-29
0,27574,9.2016061184,1.3766602740,2.997e+00,1.499e-32,2.592e-32,4.609e-32,6.743e-32,1.038e-31,1.949e-31,2.798e-31,6.299e-31,9.492e-31,2.298e-29
0,27675,9.2016061184,1.2422884434,2.998e+00,1.564e-32,2.444e-32,4.921e-32,7.136e-32,1.123e-31,1.933e-31,3.059e-31,7.149e-31,1.213e-30,3.025e-29
0,27776,9.2016061184,1.2545178975,2.998e+00,1.572e-32,2.436e-32,4.943e-32,7.729e-32,1.218e-31,2.229e-31,3.435e-31,7.370e-31,1.319e-30,3.903e-29
0,27877,9.2016061184,1.3281800134,2.998e+00,1.558e-32,2.287e-32,4.854e-32,7.430e-32,1.241e-31,2.639e-31,3.285e-31,7.215e-31,1.413e-30,4.040e-29
0,27978,9.2016061184,1.2676558119,2.999e+00,1.968e-32,2.414e-32,6.095e-32,8.481e-32,1.187e-31,2.841e-31,3.335e-31,7.391e-31,1.543e-30,5.145e-29
0,28079,9.2016061184,1.5776230679,2.999e+00,2.073e-32,2.488e-32,6.833e-32,8.579e-32,1.232e-31,2.812e-31,3.607e-31,7.696e-31,1.352e-30,5.964e-29
0,28180,9.2016061184,1.7460898388,2.999e+00,2.621e-32,2.803e-32,7.676e-32,1.087e-31,1.364e-31,3.081e-31,3.402e-31,9.977e-31,1.419e-30,7.690e-29
0,28281,9.2016061184,1.4147354952,3.000e+00,2.593e-32,3.796e-32,8.535e-32,1.321e-31,1.870e-31,3.224e-31,4.360e-31,1.057e-30,1.788e-30,1.163e-28
0,28382,9.2016061184,1.6254409769,3.000e+00,2.801e-32,4.435e-32,8.525e-32,1.516e-31,2.037e-31,3.673e-31,5.407e-31,1.172e-30,1.726e-30,1.529e-28
0,28483,9.2016061184,1.4647647703,3.000e+00,3.431e-32,6.026e-32,1.001e-31,1.712e-31,2.316e-31,4.458e-31,8.184e-31,1.621e-30,2.463e-30,1.790e-28
0,28584,9.2016061184,1.9849680803,3.000e+00,4.000e-32,6.989e-32,1.313e-31,1.893e-31,2.722e-31,4.578e-31,8.668e-31,1.710e-30,2.782e-30,1.989e-28
0,28685,9.2016061184,2.2788437043,3.000e+00,4.543e-32,8.164e-32,2.008e-31,2.562e-31,4.290e-31,7.888e-31,1.415e-30,2.337e-30,3.411e-30,3.157e-28
0,28786,9.2016061184,1.7095488257,3.000e+00,6.216e-32,1.072e-31,2.807e-31,4.254e-31,5.325e-31,9.798e-31,2.013e-30,3.252e-30,6.120e-30,5.703e-28
0,28887,9.2016061184,1.4829447256,3.000e+00,8.632e-32,1.215e-31,3.176e-31,5.919e-31,7.409e-31,1.023e-30,2.129e-30,3.904e-30,7.254e-30,7.281e-28
0,28988,9.2016061184,1.3628846021,3.000e+00,8.946e-32,1.382e-31,3.419e-31,6.274e-31,7.879e-31,1.093e-30,2.213e-30,3.786e-30,8.556e-30,1.013e-27
0,29089,9.2016061184,1.1980933432,3.000e+00,8.995e-32,1.330e-31,3.003e-31,6.073e-31,7.398e-31,1.247e-30,2.507e-30,3.459e-30,7.872e-30,1.019e-27
0,29190,9.2016061184,0.9805131445,3.000e+00,8.495e-32,1.240e-31,2.983e-31,5.651e-31,7.318e-31,1.250e-30,2.218e-30,3.019e-30,7.146e-30,1.233e-27
0,29291,9.2016061184,0.8469572327,3.000e+00,7.406e-32,1.076e-31,2.621e-31,4.814e-31,6.125e-31,1.037e-30,1.790e-30,2.790e-30,6.116e-30,1.290e-27
0,29392,9.2016061184,0.8197024533,3.000e+00,6.100e-32,9.048e-32,2.175e-31,3.996e-31,4.921e-31,8.995e-31,1.378e-30,2.348e-30,5.149e-30,1.149e-27
0,29493,9.2016061184,0.7613213854,3.000e+00,5.006e-32,7.021e-32,1.830e-31,3.133e-31,3.747e-31,7.365e-31,1.168e-30,1.942e-30,4.324e-30,1.015e-27
0,29594,9.2016061184,0.9987234714,3.000e+00,3.901e-32,5.947e-32,1.501e-31,2.442e-31,3.169e-31,5.835e-31,9.455e-31,1.608e-30,3.475e-30,9.128e-28
0,29695,9.2016061184,1.0285594220,3.000e+00,3.557e-32,5.239e-32,1.349e-31,2.158e-31,2.878e-31,4.944e-31,9.017e-31,1.339e-30,3.195e-30,8.747e-28
0,29796,9.2016061184,1.0392964721,3.000e+00,3.329e-32,4.943e-32,1.206e-31,1.948e-31,2.648e-31,4.280e-31,8.467e-31,1.238e-30,2.891e-30,7.903e-28
0,29897,9.2016061184,0.9565992355,3.000e+00,3.151e-32,4.589e-32,9.697e-32,1.855e-31,2.283e-31,3.633e-31,7.615e-31,1.080e-30,2.781e-30,6.751e-28
0,29998,9.2016061184,0.8242457031,3.000e+00,2.867e-32,4.627e-32,7.639e-32,1.465e-31,1.993e-31,2.974e-31,6.522e-31,1.012e-30,2.293e-30,6.721e-28
0,30099,9.2016061184,1.2565702204,3.000e+00,2.573e-32,3.957e-32,6.259e-32,1.208e-31,1.671e-31,2.485e-31,5.554e-31,8.367e-31,1.889e-30,6.219e-28
0,30200,9.2016061184,1.1865287474,3.000e+00,2.962e-32,3.592e-32,6.072e-32,1.126e-31,1.606e-31,2.410e-31,5.513e-31,8.236e-31,1.840e-30,7.599e-28
0,30301,9.2016061184,1.3316576112,3.000e+00,2.589e-32,3.511e-32,6.255e-32,1.044e-31,1.636e-31,2.415e-31,6.675e-31,1.060e-30,1.807e-30,8.237e-28
0,30402,9.2016061184,1.3600924470,3.000e+00,3.029e-32,4.323e-32,6.123e-32,9.842e-32,1.588e-31,2.230e-31,6.690e-31,1.200e-30,1.893e-30,1.027e-27
0,30503,9.2016061184,1.2075733692,3.000e+00,3.348e-32,4.066e-32,6.716e-32,9.191e-32,1.727e-31,2.417e-31,6.477e-31,1.165e-30,1.944e-30,1.165e-27
0,30604,9.2016061184,1.6000374629,3.000e+00,3.142e-32,4.231e-32,7.040e-32,8.954e-32,1.705e-31,2.340e-31,6.213e-31,1.123e-30,1.954e-30,1.201e-27
0,30705,9.2016061184,1.7074428019,3.000e+00,3.298e-32,4.599e-32,8.464e-32,8.952e-32,1.961e-31,2.533e-31,7.750e-31,1.388e-30,2.228e-30,1.814e-27
0,30806,9.2016061184,1.5241609056,3.000e+00,3.797e-32,5.705e-32,8.664e-32,1.118e-31,2.255e-31,2.731e-31,8.929e-31,1.488e-30,2.204e-30,2.439e-27
0,30907,9.2016061184,1.9576495845,3.000e+00,4.139e-32,5.459e-32,9.914e-32,1.341e-31,2.384e-31,2.803e-31,9.348e-31,1.656e-30,2.495e-30,3.770e-27
0,31008,9.2016061184,1.8415318578,3.000e+00,4.444e-32,6.999e-32,1.213e-31,1.754e-31,2.609e-31,4.107e-31,1.237e-30,2.180e-30,3.946e-30,5.512e-27
0,31109,9.2016061184,2.0176102977,3.000e+00,5.461e-32,9.912e-32,1.274e-31,2.064e-31,3.553e-31,4.619e-31,1.602e-30,2.522e-30,4.733e-30,9.481e-27
0,31210,9.2016061184,2.1857726429,3.000e+00,5.897e-32,1.157e-31,1.904e-31,2.589e-31,4.794e-31,6.346e-31,1.906e-30,3.818e-30,6.595e-30,1.651e-26
0,31311,9.2016061184,1.8746832925,3.000e+00,1.007e-31,1.265e-31,2.832e-31,3.968e-31,7.086e-31,8.635e-31,2.620e-30,5.346e-30,1.096e-29,3.061e-26
0,31412,9.2016061184,1.6757015421,3.000e+00,1.168e-31,1.584e-31,3.251e-31,4.959e-31,8.691e-31,1.317e-30,3.209e-30,6.350e-30,1.780e-29,4.920e-26
0,31513,9.2016061184,1.2578095781,3.000e+00,1.288e-31,1.677e-31,4.168e-31,5.625e-31,1.120e-30,1.903e-30,3.467e-30,7.356e-30,1.954e-29,6.964e-26
0,31614,9.2016061184,1.0568300913,3.000e+00,1.171e-31,1.490e-31,3.853e-31,5.582e-31,1.026e-30,1.815e-30,3.160e-30,7.221e-30,1.821e-29,7.459e-26
0,31715,9.2016061184,0.9207832679,3.000e+00,9.936e-32,1.415e-31,3.417e-31,5.283e-31,9.042e-31,1.638e-30,2.849e-30,6.175e-30,1.504e-29,7.150e-26
0,31816,9.2016061184,1.0666195070,3.000e+00,9.101e-32,1.229e-31,2.839e-31,4.507e-31,7.569e-31,1.443e-30,2.417e-30,5.483e-30,1.269e-29,6.035e-26
0,31917,9.2016061184,0.9975379920,3.000e+00,8.405e-32,1.136e-31,2.493e-31,4.017e-31,6.608e-31,1.319e-30,2.222e-30,4.925e-30,1.080e-29,5.966e-26
0,32018,9.2016061184,0.9223965995,3.000e+00,7.198e-32,9.938e-32,2.200e-31,3.441e-31,5.777e-31,1.114e-30,1.922e-30,4.048e-30,9.022e-30,5.415e-26
0,32119,9.2016061184,0.9790777945,3.000e+00,6.417e-32,8.516e-32,2.083e-31,3.066e-31,4.978e-31,9.279e-31,1.636e-30,3.471e-30,7.923e-30,4.890e-26
0,32220,9.2016061184,1.0738889945,3.000e+00,6.112e-32,7.794e-32,1.889e-31,2.901e-31,4.238e-31,1.003e-30,1.444e-30,3.086e-30,6.344e-30,4.515e-26
0,32321,9.2016061184,1.0598474456,3.000e+00,5.440e-32,7.358e-32,2.075e-31,2.650e-31,3.921e-31,8.540e-31,1.393e-30,2.781e-30,5.419e-30,4.625e-26
0,32422,9.2016061184,0.8920001649,3.000e+00,5.036e-32,7.099e-32,1.899e-31,2.344e-31,4.071e-31,8.306e-31,1.271e-30,2.383e-30,4.659e-30,4.189e-26
0,32523,9.2016061184,0.9272306909,3.000e+00,3.864e-32,5.959e-32,1.664e-31,2.013e-31,3.402e-31,7.170e-31,1.061e-30,2.024e-30,3.947e-30,4.086e-26
0,32624,9.2016061184,1.2744408623,3.000e+00,3.316e-32,5.087e-32,1.416e-31,1.692e-31,2.922e-31,5.890e-31,9.774e-31,1.771e-30,3.285e-30,3.599e-26
0,32725,9.2016061184,1.3096856157,3.000e+00,3.243e-32,5.436e-32,1.421e-31,1.561e-31,2.695e-31,5.644e-31,9.328e-31,1.586e-30,3.499e-30,5.091e-26
0,32826,9.2016061184,1.5499302406,3.000e+00,3.588e-32,5.876e-32,1.453e-31,1.681e-31,2.913e-31,5.786e-31,8.396e-31,1.641e-30,4.156e-30,6.025e-26
0,32927,9.2016061184,1.6983913438,3.000e+00,4.201e-32,6.526e-32,1.523e-31,1.994e-31,3.642e-31,6.808e-31,9.620e-31,1.730e-30,4.733e-30,1.120e-25
0,33028,9.2016061184,1.7105400791,3.000e+00,4.443e-32,6.819e-32,1.899e-31,2.509e-31,4.227e-31,6.986e-31,1.238e-30,2.190e-30,5.075e-30,1.705e-25
0,33129,9.2016061184,1.5502470489,3.000e+00,6.028e-32,7.798e-32,2.392e-31,2.784e-31,5.028e-31,8.579e-31,1.404e-30,2.676e-30,5.296e-30,2.578e-25
0,33230,9.2016061184,1.4857690909,3.000e+00,7.677e-32,8.482e-32,2.464e-31,2.898e-31,5.227e-31,1.105e-30,1.547e-30,2.943e-30,6.886e-30,3.752e-25
0,33331,9.2016061184,1.2277166249,3.000e+00,7.758e-32,9.021e-32,3.060e-31,3.236e-31,5.552e-31,1.023e-30,1.653e-30,3.189e-30,6.616e-30,5.013e-25
0,33432,9.2016061184,1.2686619056,3.000e+00,8.101e-32,8.881e-32,2.672e-31,3.029e-31,5.114e-31,9.099e-31,1.740e-30,2.915e-30,6.350e-30,6.082e-25
0,33533,9.2016061184,1.2846922202,3.000e+00,7.721e-32,1.116e-31,2.411e-31,3.071e-31,4.793e-31,8.946e-31,1.699e-30,3.408e-30,5.880e-30,6.378e-25
0,33634,9.2016061184,1.1693600811,3.000e+00,7.708e-32,1.059e-31,2.125e-31,3.000e-31,5.137e-31,9.906e-31,1.766e-30,3.538e-30,5.620e-30,6.887e-25
0,33735,9.2016061184,1.0649143065,3.000e+00,6.847e-32,1.069e-31,2.122e-31,2.619e-31,5.259e-31,9.526e-31,1.644e-30,3.609e-30,4.588e-30,6.824e-25
0,33836,9.2016061184,1.0921545680,3.000e+00,6.689e-32,9.316e-32,2.019e-31,2.429e-31,4.704e-31,8.726e-31,1.525e-30,3.429e-30,4.264e-30,6.850e-25
0,33937,9.2016061184,1.1027719598,3.000e+00,6.320e-32,7.976e-32,2.013e-31,2.427e-31,4.374e-31,7.815e-31,1.549e-30,3.140e-30,4.131e-30,6.889e-25
0,34038,9.2016061184,1.2125187110,3.000e+00,6.144e-32,7.328e-32,1.751e-31,2.557e-31,3.838e-31,7.194e-31,1.272e-30,2.734e-30,3.550e-30,7.704e-25
0,34139,9.2016061184,1.1156200180,3.000e+00,6.804e-32,7.353e-32,1.708e-31,2.386e-31,3.531e-31,6.573e-31,1.323e-30,2.575e-30,3.514e-30,8.295e-25
0,34240,9.2016061184,1.3759579262,3.000e+00,6.310e-32,8.118e-32,1.634e-31,2.453e-31,3.286e-31,6.463e-31,1.322e-30,2.371e-30,3.412e-30,8.150e-25
0,34341,9.2016061184,1.2490850788,3.000e+00,6.240e-32,8.467e-32,1.864e-31,2.775e-31,3.085e-31,6.762e-31,1.316e-30,2.357e-30,3.379e-30,1.122e-24
0,34442,9.2016061184,1.3358432936,3.000e+00,5.225e-32,7.610e-32,1.908e-31,2.631e-31,3.208e-31,7.326e-31,1.197e-30,2.393e-30,3.827e-30,1.216e-24
0,34543,9.2016061184,1.3402468624,3.000e+00,5.233e-32,8.051e-32,1.730e-31,2.359e-31,3.265e-31,7.124e-31,1.129e-30,2.362e-30,3.487e-30,1.584e-24
0,34644,9.2016061184,1.2878414804,3.000e+00,5.730e-32,8.417e-32,1.768e-31,2.110e-31,3.553e-31,6.889e-31,1.138e-30,2.338e-30,3.582e-30,1.987e-24
0,34745,9.2016061184,1.3376437276,3.000e+00,5.154e-32,8.309e-32,1.871e-31,2.265e-31,3.090e-31,6.512e-31,1.187e-30,2.497e-30,3.360e-30,2.006e-24
0,34846,9.2016061184,1.2812281291,3.000e+00,5.628e-32,7.587e-32,1.805e-31,2.287e-31,3.813e-31,6.213e-31,1.231e-30,2.645e-30,3.495e-30,2.472e-24
0,34947,9.2016061184,1.1806119764,3.000e+00,5.426e-32,7.347e-32,1.698e-31,2.281e-31,3.721e-31,6.715e-31,1.153e-30,2.869e-30,3.285e-30,3.160e-24
0,35048,9.2016061184,1.2697400361,3.000e+00,5.345e-32,7.688e-32,1.756e-31,2.002e-31,3.844e-31,5.950e-31,1.165e-30,2.654e-30,3.205e-30,4.446e-24
0,35149,9.2016061184,1.0730713338,3.000e+00,5.081e-32,8.014e-32,1.543e-31,2.112e-31,3.510e-31,5.607e-31,1.277e-30,2.463e-30,3.545e-30,5.060e-24
0,35250,9.2016061184,0.8863925059,3.000e+00,4.275e-32,7.324e-32,1.347e-31,1.746e-31,3.056e-31,4.787e-31,1.076e-30,2.406e-30,3.366e-30,4.981e-24
Score: 9.201606118383488
Runtime: 1233ms
